RegionID,RegionName,SizeRank,2014-01,2014-02,2014-03,2014-04,2014-05,2014-06,2014-07,2014-08,2014-09,2014-10,2014-11,2014-12,2015-01,2015-02,2015-03,2015-04,2015-05,2015-06,2015-07,2015-08,2015-09,2015-10,2015-11,2015-12,2016-01,2016-02,2016-03,2016-04,2016-05,2016-06,2016-07,2016-08,2016-09,2016-10,2016-11,2016-12,2017-01,2017-02,2017-03,2017-04,2017-05,2017-06,2017-07,2017-08,2017-09,2017-10,2017-11,2017-12,2018-01,2018-02,2018-03,2018-04,2018-05,2018-06,2018-07,2018-08,2018-09,2018-10,2018-11,2018-12,2019-01,2019-02,2019-03,2019-04,2019-05,2019-06,2019-07,2019-08,2019-09,2019-10,2019-11,2019-12,2020-01,2020-02,2020-03,2020-04,2020-05,2020-06,2020-07,2020-08,2020-09,2020-10,2020-11,2020-12,2021-01,2021-02,2021-03,2021-04,2021-05,2021-06
102001,United States,0,1358,1364,1369,1375,1381,1386,1392,1397,1403,1409,1414,1420,1426,1431,1436,1442,1447,1453,1458,1463,1469,1474,1479,1484,1489,1494,1499,1503,1507,1511,1516,1520,1524,1527,1531,1535,1540,1544,1548,1552,1556,1561,1565,1569,1574,1578,1582,1587,1591,1596,1600,1605,1610,1615,1620,1625,1630,1635,1640,1645,1650,1655,1660,1665,1670,1675,1680,1684,1688,1692,1694,1697,1699,1700,1701,1702,1703,1704,1705,1709,1713,1717,1724,1730,1737,1744,1750,1757,1765,1772
394913,"New York, NY",1,2261,2272,2282,2292,2302,2312,2322,2332,2342,2352,2362,2371,2381,2390,2399,2408,2417,2425,2434,2441,2448,2456,2461,2467,2472,2476,2481,2485,2489,2493,2496,2500,2503,2507,2510,2514,2518,2521,2525,2529,2532,2536,2539,2541,2544,2547,2549,2551,2554,2557,2560,2563,2568,2572,2576,2581,2586,2591,2596,2602,2607,2613,2618,2624,2628,2633,2638,2642,2645,2649,2646,2643,2640,2627,2614,2601,2583,2564,2546,2531,2517,2503,2493,2483,2473,2464,2456,2447,2440,2432
753899,"Los Angeles-Long Beach-Anaheim, CA",2,1771,1781,1792,1803,1813,1824,1835,1845,1856,1867,1877,1888,1899,1909,1919,1930,1940,1951,1962,1972,1983,1994,2005,2016,2027,2037,2048,2058,2068,2077,2087,2096,2105,2115,2124,2133,2142,2152,2161,2170,2179,2188,2197,2205,2213,2221,2228,2236,2243,2251,2259,2267,2275,2283,2292,2300,2308,2316,2323,2331,2338,2346,2353,2360,2367,2374,2381,2386,2392,2397,2399,2401,2402,2402,2401,2400,2399,2398,2396,2398,2400,2402,2407,2412,2417,2422,2428,2433,2439,2445
394463,"Chicago, IL",3,1501,1505,1509,1513,1517,1520,1524,1528,1532,1535,1539,1543,1546,1550,1554,1558,1562,1566,1570,1575,1580,1585,1590,1595,1600,1604,1608,1612,1615,1618,1621,1624,1627,1630,1633,1635,1638,1641,1643,1646,1649,1652,1655,1658,1660,1663,1666,1668,1671,1673,1676,1679,1682,1685,1688,1691,1694,1697,1701,1704,1708,1712,1716,1720,1724,1728,1732,1735,1738,1742,1743,1744,1745,1743,1742,1740,1737,1733,1730,1728,1727,1725,1725,1726,1726,1726,1727,1728,1729,1730
394514,"Dallas-Fort Worth, TX",4,1178,1182,1186,1190,1194,1197,1201,1205,1209,1213,1217,1221,1226,1231,1235,1240,1245,1250,1254,1259,1264,1269,1274,1279,1284,1290,1295,1301,1306,1312,1317,1322,1327,1332,1337,1342,1346,1351,1356,1360,1365,1369,1374,1378,1382,1386,1390,1394,1397,1401,1405,1409,1413,1417,1421,1425,1429,1434,1438,1443,1447,1452,1456,1461,1465,1469,1474,1477,1480,1484,1486,1488,1490,1491,1493,1495,1497,1500,1502,1508,1514,1521,1529,1537,1546,1554,1563,1572,1581,1591
394974,"Philadelphia, PA",5,1395,1398,1401,1404,1406,1409,1412,1415,1418,1421,1424,1427,1431,1434,1437,1440,1443,1447,1450,1454,1458,1462,1466,1469,1473,1476,1480,1483,1486,1489,1493,1495,1498,1501,1504,1506,1509,1512,1514,1517,1520,1523,1526,1529,1532,1536,1539,1542,1546,1550,1554,1557,1561,1566,1570,1574,1578,1583,1587,1591,1596,1600,1605,1609,1613,1617,1621,1625,1629,1632,1635,1637,1640,1642,1644,1646,1649,1651,1653,1657,1661,1665,1670,1674,1679,1684,1689,1694,1700,1705
394692,"Houston, TX",6,1191,1197,1204,1211,1218,1225,1231,1238,1244,1251,1256,1261,1267,1270,1274,1278,1281,1284,1287,1289,1292,1294,1295,1297,1298,1298,1299,1299,1298,1298,1298,1297,1296,1295,1295,1295,1295,1296,1297,1298,1301,1304,1307,1312,1316,1320,1324,1328,1332,1336,1339,1343,1345,1348,1350,1352,1353,1355,1357,1359,1361,1363,1365,1367,1369,1371,1373,1374,1376,1378,1378,1378,1379,1379,1378,1378,1378,1378,1378,1381,1383,1385,1389,1393,1397,1401,1406,1410,1414,1419
395209,"Washington, DC",7,1847,1851,1854,1857,1860,1863,1866,1868,1871,1874,1876,1879,1881,1883,1885,1887,1890,1893,1895,1898,1902,1905,1908,1911,1914,1917,1919,1922,1924,1926,1929,1931,1934,1936,1939,1942,1945,1948,1951,1955,1957,1960,1962,1964,1967,1969,1971,1974,1976,1980,1983,1987,1991,1996,2000,2006,2011,2016,2021,2026,2031,2036,2041,2046,2051,2055,2060,2064,2067,2071,2071,2071,2072,2069,2066,2063,2057,2052,2047,2043,2040,2036,2035,2034,2033,2032,2031,2030,2030,2029
394856,"Miami-Fort Lauderdale, FL",8,1655,1663,1672,1680,1688,1696,1705,1713,1721,1729,1738,1746,1755,1763,1771,1780,1788,1797,1805,1813,1821,1830,1836,1843,1850,1855,1860,1865,1869,1872,1876,1879,1881,1884,1887,1890,1893,1897,1900,1904,1908,1912,1916,1920,1924,1928,1932,1937,1941,1945,1950,1955,1959,1964,1969,1974,1979,1983,1988,1992,1996,2000,2005,2009,2013,2018,2023,2027,2032,2036,2040,2043,2046,2049,2052,2055,2059,2064,2068,2080,2091,2103,2119,2135,2151,2168,2185,2202,2221,2239
394347,"Atlanta, GA",9,1108,1112,1116,1120,1124,1128,1132,1136,1140,1144,1149,1154,1159,1164,1169,1174,1179,1184,1189,1195,1200,1205,1211,1217,1222,1228,1235,1241,1247,1253,1259,1265,1271,1277,1282,1288,1294,1300,1305,1311,1317,1323,1329,1335,1342,1348,1354,1360,1366,1373,1379,1385,1392,1399,1406,1414,1421,1428,1435,1442,1449,1456,1462,1469,1475,1481,1486,1491,1496,1501,1505,1508,1512,1517,1521,1526,1532,1539,1546,1558,1570,1582,1597,1612,1627,1642,1657,1673,1689,1705
394404,"Boston, MA",10,2177,2183,2189,2195,2201,2207,2212,2218,2224,2230,2236,2243,2250,2256,2262,2268,2275,2282,2289,2298,2306,2314,2322,2330,2338,2346,2354,2362,2369,2377,2384,2391,2398,2405,2412,2418,2424,2431,2437,2443,2449,2455,2461,2467,2473,2478,2484,2489,2495,2501,2507,2513,2519,2526,2533,2539,2546,2553,2560,2567,2574,2581,2588,2595,2602,2609,2616,2621,2627,2632,2633,2633,2633,2627,2620,2613,2602,2592,2581,2574,2568,2561,2558,2555,2551,2549,2547,2544,2543,2542
395057,"San Francisco, CA",11,2164,2197,2231,2264,2296,2329,2362,2394,2427,2459,2490,2521,2552,2578,2604,2631,2653,2676,2698,2718,2737,2756,2771,2786,2801,2811,2820,2830,2836,2841,2847,2851,2854,2858,2863,2867,2872,2879,2885,2892,2900,2908,2916,2924,2932,2940,2947,2955,2962,2970,2977,2985,2994,3003,3012,3021,3030,3039,3047,3056,3064,3072,3079,3087,3094,3101,3108,3113,3118,3123,3121,3119,3117,3103,3090,3076,3055,3034,3013,2996,2979,2962,2950,2938,2925,2915,2904,2893,2884,2874
394532,"Detroit, MI",12,1004,1007,1010,1013,1015,1018,1021,1023,1026,1029,1031,1034,1037,1039,1042,1044,1047,1050,1052,1055,1058,1060,1063,1066,1069,1072,1075,1078,1081,1084,1087,1090,1093,1096,1099,1102,1105,1109,1112,1116,1119,1123,1127,1130,1134,1138,1141,1145,1148,1152,1155,1159,1162,1166,1169,1173,1176,1179,1183,1186,1190,1193,1196,1200,1203,1206,1209,1211,1214,1217,1219,1221,1224,1227,1230,1234,1239,1244,1250,1258,1266,1274,1283,1292,1302,1311,1320,1330,1339,1349
395025,"Riverside, CA",13,1439,1444,1449,1455,1460,1465,1470,1475,1481,1486,1492,1498,1504,1510,1516,1522,1528,1535,1541,1547,1553,1559,1565,1572,1578,1584,1591,1597,1604,1610,1616,1624,1631,1638,1646,1653,1661,1670,1678,1686,1695,1703,1711,1719,1727,1735,1743,1751,1759,1768,1776,1785,1793,1802,1810,1819,1827,1835,1842,1849,1857,1864,1871,1878,1885,1892,1899,1905,1912,1918,1925,1931,1937,1947,1957,1966,1981,1995,2010,2032,2054,2076,2101,2126,2151,2177,2202,2228,2254,2281
394976,"Phoenix, AZ",14,998,1002,1006,1010,1014,1018,1022,1026,1030,1034,1039,1044,1049,1055,1060,1065,1071,1076,1082,1087,1092,1097,1102,1107,1113,1118,1123,1128,1133,1138,1142,1147,1152,1157,1162,1167,1172,1177,1182,1188,1193,1199,1204,1210,1215,1221,1228,1234,1240,1247,1255,1262,1270,1278,1286,1294,1302,1311,1319,1327,1336,1345,1353,1362,1371,1380,1389,1397,1406,1414,1421,1428,1435,1443,1451,1458,1468,1478,1488,1503,1518,1534,1552,1571,1589,1609,1628,1647,1667,1687
395078,"Seattle, WA",15,1359,1369,1379,1389,1399,1409,1419,1428,1438,1448,1457,1467,1476,1485,1494,1503,1512,1521,1530,1539,1548,1558,1568,1577,1587,1597,1607,1617,1627,1637,1647,1656,1666,1676,1686,1695,1705,1714,1723,1732,1740,1747,1755,1761,1767,1773,1778,1783,1788,1793,1797,1802,1807,1813,1818,1824,1830,1836,1843,1849,1856,1863,1870,1877,1884,1892,1900,1908,1915,1923,1927,1931,1935,1934,1934,1933,1928,1923,1918,1915,1911,1908,1908,1908,1908,1908,1908,1909,1910,1911
394865,"Minneapolis-St Paul, MN",16,1220,1224,1227,1230,1233,1236,1240,1243,1246,1249,1253,1256,1260,1263,1267,1270,1274,1278,1282,1287,1291,1296,1300,1305,1309,1314,1318,1323,1327,1332,1337,1342,1346,1351,1356,1361,1366,1371,1376,1381,1385,1390,1395,1400,1404,1409,1414,1419,1423,1428,1433,1438,1443,1448,1452,1457,1462,1467,1472,1478,1483,1488,1492,1497,1502,1507,1512,1517,1521,1526,1528,1531,1534,1536,1539,1541,1542,1544,1546,1547,1549,1551,1553,1555,1558,1560,1563,1565,1568,1571
395056,"San Diego, CA",17,1627,1636,1645,1653,1662,1671,1680,1689,1698,1707,1717,1726,1735,1744,1753,1762,1771,1779,1788,1796,1804,1813,1821,1830,1839,1848,1856,1865,1873,1882,1890,1898,1906,1914,1922,1930,1938,1947,1955,1963,1971,1979,1988,1996,2004,2011,2019,2027,2035,2043,2051,2059,2067,2075,2083,2090,2097,2104,2110,2117,2123,2129,2135,2141,2148,2154,2160,2166,2171,2176,2180,2183,2187,2190,2194,2197,2202,2208,2213,2223,2234,2244,2258,2271,2284,2298,2312,2326,2340,2355
395121,"St. Louis, MO",18,967,970,973,976,979,982,985,988,991,994,997,1000,1002,1004,1006,1009,1011,1013,1015,1017,1019,1021,1023,1025,1028,1030,1032,1034,1036,1037,1039,1041,1043,1044,1046,1048,1050,1051,1053,1055,1057,1059,1061,1063,1065,1067,1068,1070,1072,1074,1077,1079,1081,1083,1085,1088,1091,1094,1097,1100,1103,1106,1110,1113,1116,1119,1122,1125,1128,1131,1134,1137,1139,1142,1145,1148,1152,1156,1159,1164,1169,1174,1179,1185,1190,1196,1201,1207,1212,1218
395148,"Tampa, FL",19,1136,1140,1144,1148,1152,1156,1161,1165,1169,1173,1177,1182,1186,1191,1196,1201,1207,1212,1218,1223,1229,1234,1240,1245,1251,1256,1261,1267,1272,1277,1281,1286,1291,1296,1301,1306,1311,1316,1321,1326,1331,1336,1341,1347,1352,1358,1363,1369,1375,1381,1387,1393,1399,1405,1411,1417,1422,1428,1433,1438,1443,1449,1454,1459,1465,1470,1476,1481,1486,1492,1496,1501,1505,1511,1516,1522,1529,1537,1544,1557,1570,1583,1600,1616,1632,1649,1666,1683,1700,1718
394358,"Baltimore, MD",20,1422,1426,1431,1435,1439,1442,1446,1450,1454,1457,1460,1462,1465,1467,1468,1470,1472,1474,1475,1477,1479,1481,1483,1485,1487,1488,1488,1489,1489,1489,1489,1489,1489,1489,1490,1490,1491,1492,1493,1494,1495,1497,1498,1499,1500,1502,1503,1504,1505,1506,1508,1509,1511,1514,1516,1519,1522,1525,1528,1531,1534,1537,1540,1543,1546,1549,1551,1553,1555,1556,1556,1557,1557,1557,1558,1559,1561,1563,1565,1571,1577,1583,1591,1599,1607,1616,1624,1633,1642,1651
394530,"Denver, CO",21,1202,1217,1232,1247,1262,1277,1291,1306,1321,1335,1349,1363,1376,1387,1398,1408,1417,1426,1435,1443,1451,1459,1465,1472,1479,1484,1489,1495,1499,1503,1507,1510,1514,1517,1521,1525,1530,1534,1539,1543,1548,1553,1558,1563,1567,1572,1577,1581,1586,1591,1596,1601,1606,1612,1617,1623,1629,1634,1640,1645,1651,1656,1661,1665,1670,1675,1679,1682,1686,1689,1690,1691,1692,1692,1691,1691,1691,1691,1692,1696,1700,1704,1711,1718,1725,1732,1740,1747,1755,1763
394982,"Pittsburgh, PA",22,1010,1016,1021,1026,1031,1035,1040,1045,1049,1053,1056,1058,1061,1062,1063,1064,1065,1066,1067,1069,1071,1073,1075,1077,1079,1079,1080,1081,1082,1082,1083,1084,1085,1085,1087,1088,1089,1091,1092,1094,1096,1098,1100,1102,1105,1107,1109,1112,1114,1117,1120,1123,1127,1130,1134,1137,1140,1143,1146,1149,1152,1155,1158,1162,1166,1169,1173,1177,1180,1184,1187,1190,1192,1194,1196,1198,1200,1201,1203,1206,1209,1211,1215,1219,1222,1226,1230,1233,1237,1241
394998,"Portland, OR",23,1108,1117,1127,1136,1145,1154,1163,1172,1181,1191,1200,1210,1220,1230,1241,1251,1261,1272,1282,1292,1302,1312,1321,1330,1340,1347,1354,1361,1367,1373,1379,1384,1389,1394,1399,1403,1408,1412,1416,1420,1423,1427,1430,1433,1436,1439,1442,1445,1448,1452,1455,1459,1463,1467,1472,1476,1481,1485,1490,1494,1499,1503,1508,1512,1517,1522,1527,1531,1535,1538,1541,1543,1545,1547,1548,1550,1551,1552,1554,1558,1563,1567,1573,1580,1586,1593,1600,1606,1614,1621
394458,"Charlotte, NC",24,1120,1124,1128,1132,1136,1140,1144,1148,1152,1156,1161,1166,1170,1175,1180,1185,1191,1196,1201,1207,1213,1218,1224,1229,1234,1239,1245,1250,1255,1260,1265,1270,1275,1280,1285,1290,1295,1300,1305,1310,1315,1320,1324,1329,1333,1338,1342,1347,1351,1356,1361,1366,1371,1377,1382,1388,1394,1400,1406,1413,1419,1425,1431,1437,1442,1448,1454,1458,1463,1467,1470,1473,1476,1478,1481,1484,1487,1491,1495,1503,1512,1520,1530,1541,1552,1563,1574,1585,1597,1608
395045,"Sacramento, CA",25,1232,1237,1242,1247,1252,1257,1262,1268,1273,1278,1284,1291,1297,1305,1312,1320,1328,1335,1343,1352,1360,1369,1378,1387,1397,1406,1415,1424,1434,1443,1453,1463,1473,1483,1493,1503,1513,1524,1534,1545,1554,1564,1574,1583,1592,1600,1609,1617,1625,1633,1641,1648,1656,1663,1671,1679,1687,1694,1702,1709,1717,1724,1731,1738,1744,1751,1758,1763,1769,1775,1780,1785,1790,1797,1804,1811,1821,1831,1840,1854,1867,1881,1896,1911,1926,1942,1957,1973,1989,2004
395055,"San Antonio, TX",26,985,988,990,993,996,999,1002,1005,1008,1011,1014,1017,1021,1024,1028,1031,1035,1039,1043,1046,1050,1054,1057,1060,1063,1066,1069,1072,1075,1078,1081,1084,1087,1090,1093,1096,1099,1101,1104,1107,1109,1112,1114,1116,1118,1120,1123,1125,1127,1130,1133,1136,1139,1142,1146,1149,1152,1156,1159,1163,1166,1170,1174,1177,1181,1185,1188,1191,1194,1197,1199,1201,1203,1204,1206,1207,1209,1212,1214,1219,1223,1228,1234,1240,1246,1253,1259,1266,1272,1279
394943,"Orlando, FL",27,1172,1177,1181,1185,1190,1194,1198,1203,1207,1212,1216,1221,1225,1230,1235,1240,1246,1251,1257,1263,1268,1274,1280,1285,1291,1296,1302,1307,1312,1317,1322,1328,1333,1338,1343,1348,1354,1359,1365,1370,1376,1383,1389,1396,1404,1411,1418,1426,1433,1441,1449,1456,1463,1471,1478,1484,1490,1496,1501,1507,1512,1518,1523,1528,1533,1538,1543,1547,1551,1555,1558,1560,1563,1564,1566,1568,1571,1574,1576,1584,1591,1598,1608,1617,1627,1638,1648,1658,1669,1680
394466,"Cincinnati, OH",28,1011,1015,1018,1022,1026,1029,1033,1036,1040,1044,1047,1050,1054,1057,1060,1064,1068,1072,1076,1080,1084,1087,1091,1094,1097,1100,1103,1106,1109,1112,1116,1119,1123,1126,1130,1134,1138,1141,1145,1149,1153,1156,1160,1163,1167,1170,1174,1178,1181,1186,1190,1195,1200,1205,1210,1215,1220,1226,1231,1237,1243,1248,1254,1260,1265,1271,1276,1281,1286,1292,1296,1300,1305,1309,1314,1318,1323,1329,1334,1341,1348,1355,1363,1371,1379,1387,1395,1404,1412,1420
394475,"Cleveland, OH",29,1077,1080,1083,1086,1090,1093,1097,1100,1104,1107,1112,1116,1120,1124,1128,1133,1136,1139,1143,1146,1149,1152,1156,1160,1163,1167,1171,1175,1177,1179,1181,1182,1182,1182,1181,1180,1179,1178,1176,1175,1176,1178,1179,1181,1183,1185,1188,1190,1192,1195,1198,1200,1204,1207,1210,1214,1217,1221,1224,1228,1231,1234,1237,1239,1242,1244,1246,1249,1251,1253,1256,1258,1260,1264,1267,1270,1275,1279,1284,1289,1295,1301,1307,1314,1320,1327,1334,1340,1347,1354
394735,"Kansas City, MO",30,921,925,928,932,936,939,943,946,950,954,957,960,963,965,968,971,974,977,980,983,987,990,993,996,999,1002,1005,1008,1011,1014,1017,1020,1023,1026,1030,1033,1036,1039,1042,1045,1048,1051,1054,1057,1060,1063,1066,1069,1072,1075,1078,1081,1084,1087,1090,1093,1096,1099,1103,1106,1110,1113,1117,1120,1124,1128,1131,1135,1139,1143,1146,1150,1154,1158,1162,1166,1171,1176,1180,1186,1191,1196,1202,1209,1215,1221,1227,1233,1239,1246
394775,"Las Vegas, NV",31,1016,1018,1020,1023,1025,1028,1030,1033,1035,1038,1041,1044,1047,1050,1054,1057,1061,1065,1068,1072,1076,1081,1085,1089,1093,1098,1102,1106,1110,1114,1118,1123,1127,1131,1136,1140,1145,1150,1156,1161,1167,1172,1178,1184,1190,1197,1203,1210,1216,1223,1230,1237,1244,1251,1258,1265,1273,1280,1287,1294,1301,1308,1314,1321,1327,1333,1339,1343,1348,1353,1356,1359,1362,1366,1371,1375,1382,1390,1397,1410,1424,1437,1453,1470,1486,1503,1520,1537,1555,1572
394492,"Columbus, OH",32,970,973,975,977,979,982,984,986,989,991,994,998,1001,1005,1009,1013,1017,1021,1025,1029,1033,1037,1041,1044,1048,1051,1053,1056,1059,1061,1064,1067,1070,1073,1076,1079,1083,1087,1091,1094,1099,1103,1107,1112,1116,1120,1125,1129,1134,1138,1143,1147,1151,1156,1160,1164,1168,1173,1176,1180,1183,1187,1191,1195,1198,1202,1206,1209,1213,1217,1220,1224,1228,1232,1237,1241,1246,1251,1257,1263,1269,1275,1281,1288,1295,1301,1308,1315,1321,1328
394705,"Indianapolis, IN",33,988,990,992,994,996,998,1000,1002,1004,1006,1008,1010,1012,1014,1016,1018,1021,1023,1026,1029,1032,1035,1038,1041,1044,1047,1050,1052,1054,1056,1058,1060,1063,1065,1067,1069,1071,1074,1076,1079,1082,1086,1089,1093,1097,1100,1104,1107,1111,1115,1118,1122,1125,1128,1132,1136,1139,1143,1148,1152,1156,1161,1165,1170,1174,1179,1183,1187,1191,1195,1199,1203,1207,1213,1219,1224,1232,1239,1246,1255,1264,1273,1282,1292,1302,1311,1321,1331,1340,1350
395059,"San Jose, CA",34,2133,2167,2202,2237,2271,2305,2339,2372,2406,2439,2469,2500,2530,2555,2579,2604,2625,2647,2668,2686,2704,2721,2733,2745,2757,2762,2767,2773,2774,2775,2776,2777,2778,2779,2783,2786,2789,2795,2801,2807,2815,2823,2831,2839,2848,2857,2866,2875,2885,2895,2905,2915,2925,2935,2945,2954,2962,2971,2979,2987,2994,3001,3008,3015,3022,3029,3037,3043,3049,3055,3054,3052,3051,3040,3030,3020,3002,2985,2968,2953,2938,2922,2911,2899,2887,2877,2866,2855,2846,2837
394355,"Austin, TX",35,1202,1208,1214,1220,1225,1231,1237,1243,1249,1254,1260,1266,1271,1276,1281,1286,1291,1296,1301,1306,1310,1315,1319,1324,1328,1331,1334,1337,1340,1342,1344,1346,1348,1350,1352,1355,1357,1358,1360,1362,1364,1365,1366,1368,1369,1370,1373,1375,1377,1381,1385,1389,1395,1401,1406,1412,1418,1424,1429,1435,1440,1446,1451,1456,1461,1466,1471,1475,1479,1483,1485,1486,1487,1486,1485,1484,1483,1482,1481,1486,1490,1495,1504,1513,1521,1531,1540,1550,1560,1571
395194,"Virginia Beach, VA",36,1168,1170,1172,1174,1175,1177,1179,1181,1183,1184,1186,1188,1189,1191,1192,1193,1194,1196,1197,1198,1200,1201,1202,1204,1205,1206,1207,1208,1209,1209,1210,1212,1213,1214,1215,1217,1219,1221,1223,1224,1226,1228,1230,1232,1233,1235,1237,1238,1240,1242,1244,1246,1248,1251,1253,1256,1259,1261,1264,1268,1271,1274,1277,1281,1284,1287,1290,1293,1295,1298,1300,1302,1304,1308,1312,1316,1322,1327,1333,1342,1351,1360,1370,1380,1390,1401,1411,1421,1432,1442
394902,"Nashville, TN",37,1140,1149,1157,1165,1173,1181,1189,1197,1205,1213,1221,1228,1235,1242,1248,1254,1261,1267,1273,1279,1286,1292,1298,1305,1311,1317,1323,1329,1334,1339,1344,1349,1353,1357,1361,1366,1370,1374,1378,1382,1386,1390,1393,1397,1400,1403,1407,1410,1413,1416,1419,1422,1426,1430,1434,1438,1443,1447,1452,1457,1462,1467,1473,1478,1484,1490,1496,1502,1507,1513,1517,1521,1525,1528,1531,1534,1537,1539,1542,1548,1553,1559,1566,1574,1581,1589,1597,1605,1613,1622
395005,"Providence, RI",38,1153,1157,1160,1163,1166,1169,1172,1175,1178,1181,1185,1188,1192,1196,1201,1205,1210,1216,1221,1226,1231,1236,1240,1245,1249,1253,1258,1263,1267,1272,1276,1281,1286,1291,1295,1300,1305,1308,1311,1314,1318,1322,1325,1330,1334,1339,1344,1349,1355,1361,1367,1374,1380,1386,1392,1397,1403,1408,1414,1419,1425,1430,1436,1441,1446,1451,1456,1460,1465,1469,1474,1478,1482,1489,1495,1502,1511,1521,1530,1542,1555,1567,1581,1594,1608,1622,1636,1650,1664,1678
394862,"Milwaukee, WI",39,1000,1004,1009,1013,1017,1022,1026,1030,1034,1038,1041,1044,1047,1049,1051,1053,1055,1057,1059,1061,1063,1065,1067,1069,1071,1072,1074,1075,1077,1079,1080,1082,1084,1085,1087,1088,1090,1091,1093,1094,1096,1097,1099,1101,1103,1105,1107,1109,1111,1113,1115,1117,1119,1121,1124,1126,1129,1131,1134,1136,1139,1141,1144,1147,1150,1153,1156,1158,1161,1163,1166,1168,1170,1173,1176,1178,1181,1184,1186,1190,1193,1197,1201,1205,1209,1213,1217,1221,1225,1229
394714,"Jacksonville, FL",40,1049,1051,1053,1055,1056,1058,1060,1062,1064,1065,1068,1070,1072,1075,1077,1080,1083,1086,1090,1093,1097,1101,1104,1108,1111,1114,1118,1121,1124,1127,1130,1133,1136,1139,1142,1145,1149,1152,1156,1160,1164,1168,1172,1177,1181,1186,1191,1196,1201,1206,1211,1217,1222,1227,1233,1237,1242,1247,1251,1255,1259,1263,1267,1271,1275,1279,1283,1286,1290,1294,1296,1299,1302,1306,1310,1314,1320,1325,1331,1341,1351,1362,1374,1387,1399,1412,1425,1438,1452,1465
394849,"Memphis, TN",41,1039,1041,1043,1046,1048,1050,1052,1055,1057,1059,1061,1062,1064,1065,1067,1068,1069,1070,1072,1073,1075,1076,1078,1080,1082,1084,1086,1088,1090,1092,1093,1095,1097,1098,1100,1102,1103,1105,1107,1109,1111,1112,1114,1117,1119,1122,1125,1128,1130,1134,1137,1140,1144,1148,1151,1155,1159,1163,1167,1171,1175,1179,1183,1187,1191,1195,1199,1204,1208,1213,1219,1224,1230,1238,1245,1253,1263,1273,1282,1294,1306,1318,1331,1344,1358,1371,1384,1398,1411,1425
394935,"Oklahoma City, OK",42,973,976,980,984,987,990,994,997,1001,1004,1007,1010,1012,1014,1016,1017,1018,1019,1020,1020,1020,1021,1021,1021,1021,1020,1020,1020,1019,1019,1018,1018,1017,1017,1017,1017,1017,1018,1019,1020,1021,1022,1024,1025,1027,1028,1030,1031,1033,1034,1036,1038,1040,1043,1045,1048,1051,1054,1057,1060,1064,1067,1070,1073,1075,1078,1080,1082,1084,1086,1087,1088,1089,1091,1092,1094,1097,1100,1102,1107,1111,1116,1122,1127,1133,1139,1144,1150,1156,1162
394807,"Louisville-Jefferson County, KY",43,870,874,878,882,885,889,893,896,900,904,907,910,914,916,918,921,923,925,927,929,931,933,936,939,941,945,948,951,955,959,963,967,971,975,978,982,986,989,992,995,997,1000,1002,1005,1007,1010,1012,1014,1016,1019,1021,1024,1026,1029,1032,1035,1037,1040,1043,1046,1048,1051,1054,1056,1059,1061,1063,1066,1068,1071,1073,1076,1078,1082,1085,1088,1092,1096,1100,1105,1109,1113,1118,1123,1127,1132,1136,1141,1145,1150
394669,"Hartford, CT",44,1210,1212,1215,1217,1220,1222,1225,1228,1230,1233,1236,1239,1242,1244,1247,1249,1251,1253,1255,1257,1259,1261,1262,1264,1266,1268,1270,1271,1273,1275,1276,1278,1280,1282,1284,1286,1288,1290,1292,1294,1295,1297,1299,1301,1303,1305,1306,1308,1310,1312,1315,1317,1319,1322,1325,1328,1330,1333,1336,1338,1340,1343,1345,1347,1350,1352,1354,1356,1358,1360,1363,1365,1368,1372,1376,1380,1385,1390,1395,1402,1409,1416,1424,1432,1440,1449,1457,1466,1474,1483
395022,"Richmond, VA",45,,1048,1050,1052,1055,1057,1059,1061,1064,1066,1068,1070,1072,1074,1076,1078,1080,1083,1085,1087,1090,1093,1096,1099,1102,1105,1107,1110,1112,1114,1116,1118,1120,1122,1125,1127,1130,1132,1135,1138,1141,1144,1148,1152,1155,1159,1163,1167,1171,1175,1179,1183,1186,1190,1194,1198,1201,1205,1208,1212,1216,1219,1223,1227,1231,1235,1238,1242,1245,1248,1251,1253,1256,1258,1261,1264,1267,1271,1276,1280,1287,1294,1301,1308,1316,1323,1331,1338,1346,1354
394910,"New Orleans, LA",46,1095,1097,1099,1100,1102,1103,1105,1107,1109,1110,1113,1115,1117,1120,1122,1124,1126,1129,1132,1134,1136,1138,1140,1141,1143,1144,1145,1146,1148,1149,1150,1152,1153,1155,1156,1158,1160,1162,1164,1166,1167,1168,1169,1169,1170,1170,1171,1172,1173,1174,1175,1176,1176,1177,1178,1180,1181,1182,1183,1185,1186,1188,1190,1192,1194,1197,1200,1202,1204,1207,1208,1210,1211,1212,1213,1214,1216,1218,1220,1225,1230,1235,1241,1247,1252,1258,1265,1271,1277,1284
394425,"Buffalo, NY",47,,848,854,860,866,872,878,884,890,896,902,907,912,916,921,925,929,932,936,940,942,945,948,951,953,956,958,961,963,966,969,973,976,980,983,986,989,992,994,997,1000,1002,1005,1007,1010,1012,1015,1018,1021,1024,1027,1030,1033,1036,1039,1042,1045,1048,1051,1054,1057,1060,1063,1065,1068,1071,1074,1077,1080,1083,1086,1090,1094,1097,1102,1106,1111,1115,1120,1125,1130,1136,1141,1147,1153,1158,1164,1170,1176,1182
395012,"Raleigh, NC",48,1140,1143,1146,1148,1151,1154,1157,1160,1163,1166,1170,1173,1177,1181,1185,1189,1193,1196,1200,1204,1207,1211,1214,1218,1222,1225,1229,1233,1236,1240,1244,1247,1250,1254,1257,1260,1263,1266,1269,1272,1275,1277,1280,1283,1286,1289,1293,1296,1299,1302,1306,1309,1313,1317,1321,1325,1329,1334,1339,1343,1348,1353,1358,1363,1368,1374,1379,1383,1386,1390,1393,1395,1397,1399,1401,1403,1407,1410,1414,1421,1428,1435,1444,1453,1462,1472,1481,1491,1501,1510
394388,"Birmingham, AL",49,1017,1019,1021,1023,1025,1027,1029,1031,1033,1035,1037,1039,1041,1044,1046,1048,1050,1052,1054,1057,1059,1061,1063,1065,1067,1068,1070,1071,1072,1073,1075,1076,1077,1078,1079,1080,1082,1084,1086,1088,1090,1093,1095,1098,1100,1103,1105,1108,1110,1113,1115,1118,1121,1124,1127,1131,1135,1140,1144,1148,1152,1155,1159,1163,1166,1169,1172,1175,1178,1181,1184,1187,1190,1194,1198,1202,1207,1212,1217,1222,1228,1233,1239,1245,1251,1257,1262,1268,1274,1280
395053,"Salt Lake City, UT",50,,1036,1039,1043,1046,1050,1053,1057,1060,1064,1067,1071,1074,1078,1082,1086,1090,1094,1099,1104,1108,1113,1117,1122,1126,1131,1136,1141,1145,1150,1154,1159,1164,1169,1174,1179,1185,1190,1196,1201,1207,1212,1217,1222,1228,1233,1238,1244,1249,1254,1260,1266,1271,1278,1284,1290,1296,1301,1307,1312,1318,1323,1328,1333,1338,1342,1346,1351,1354,1357,1360,1361,1363,1365,1367,1369,1371,1375,1379,1383,1392,1402,1412,1422,1433,1443,1455,1466,1477,1489
395031,"Rochester, NY",51,,955,959,963,967,971,975,979,983,987,991,994,997,1000,1003,1006,1009,1012,1015,1018,1020,1023,1026,1028,1030,1033,1034,1036,1038,1040,1041,1043,1045,1048,1050,1053,1055,1058,1061,1063,1066,1069,1073,1076,1079,1082,1086,1089,1092,1095,1098,1101,1103,1106,1108,1110,1113,1115,1118,1121,1123,1126,1128,1130,1132,1135,1137,1139,1142,1144,1146,1149,1151,1154,1159,1163,1168,1175,1182,1189,1199,1209,1219,1229,1240,1250,1261,1272,1282,1293
394640,"Grand Rapids, MI",52,834,841,847,853,860,866,872,878,885,891,896,902,908,914,919,925,931,937,944,950,957,964,971,978,985,992,999,1006,1012,1018,1025,1030,1036,1042,1047,1052,1057,1062,1068,1073,1077,1082,1086,1091,1095,1100,1104,1108,1113,1117,1121,1125,1130,1135,1139,1144,1149,1154,1158,1162,1167,1171,1176,1180,1184,1189,1193,1197,1201,1205,1209,1213,1216,1220,1224,1228,1232,1237,1242,1249,1255,1262,1270,1278,1285,1293,1301,1309,1317,1326
395167,"Tucson, AZ",53,933,934,935,936,937,938,940,941,942,943,944,945,947,948,950,951,953,955,956,958,960,963,965,967,970,972,974,977,980,983,985,989,992,995,999,1003,1007,1011,1015,1019,1024,1028,1032,1036,1040,1044,1049,1053,1058,1064,1069,1074,1080,1086,1092,1098,1104,1110,1116,1121,1127,1132,1137,1143,1148,1153,1159,1164,1169,1174,1179,1183,1188,1194,1200,1206,1214,1221,1229,1241,1253,1265,1278,1292,1306,1320,1334,1348,1363,1377
753924,"Urban Honolulu, HI",54,1939,1955,1970,1986,2001,2016,2032,2046,2061,2076,2089,2102,2115,2124,2133,2143,2148,2154,2159,2163,2167,2170,2174,2178,2181,2184,2187,2190,2192,2194,2196,2199,2201,2204,2206,2209,2211,2213,2215,2218,2220,2222,2225,2227,2230,2232,2235,2238,2241,2244,2247,2251,2254,2258,2261,2265,2268,2272,2275,2278,2281,2285,2288,2291,2295,2298,2301,2303,2305,2307,2307,2307,2307,2307,2306,2305,2306,2306,2306,2313,2320,2326,2335,2344,2353,2363,2373,2383,2393,2404
395169,"Tulsa, OK",55,939,941,943,944,946,948,950,951,953,955,957,959,960,962,964,966,967,969,970,971,972,973,974,975,976,976,976,977,977,978,978,979,980,980,981,981,982,982,982,983,983,984,984,985,986,987,988,989,990,992,993,995,996,998,999,1001,1002,1003,1005,1007,1009,1011,1014,1016,1019,1022,1024,1027,1030,1033,1036,1039,1042,1045,1048,1052,1055,1059,1063,1070,1076,1083,1091,1099,1107,1115,1123,1131,1140,1148
394619,"Fresno, CA",56,1125,1128,1131,1134,1137,1139,1142,1145,1148,1151,1153,1156,1159,1161,1164,1166,1169,1172,1175,1178,1181,1185,1189,1192,1196,1201,1205,1209,1213,1217,1221,1225,1228,1232,1237,1242,1246,1252,1258,1263,1269,1275,1281,1287,1292,1298,1303,1309,1314,1320,1325,1331,1338,1344,1351,1358,1365,1372,1378,1385,1392,1398,1405,1411,1418,1425,1431,1438,1444,1450,1455,1461,1466,1471,1477,1482,1490,1497,1504,1519,1533,1548,1566,1584,1602,1620,1639,1658,1677,1697
395238,"Worcester, MA",57,1070,1074,1078,1082,1086,1090,1094,1099,1103,1107,1111,1115,1119,1123,1127,1130,1134,1138,1142,1146,1151,1155,1160,1165,1169,1174,1180,1185,1190,1195,1200,1206,1211,1217,1222,1228,1233,1238,1243,1247,1252,1257,1261,1266,1271,1275,1280,1286,1291,1297,1304,1310,1317,1323,1330,1336,1342,1348,1353,1359,1364,1370,1375,1380,1386,1392,1398,1404,1409,1415,1420,1425,1429,1434,1439,1443,1449,1455,1460,1468,1476,1484,1493,1502,1511,1521,1530,1540,1550,1559
394415,"Stamford, CT",58,1795,1805,1815,1825,1834,1843,1852,1862,1871,1880,1886,1891,1897,1901,1905,1909,1913,1916,1919,1922,1926,1929,1931,1934,1936,1939,1941,1943,1945,1948,1950,1953,1956,1959,1963,1966,1970,1973,1976,1979,1983,1986,1989,1992,1995,1997,2001,2005,2008,2013,2017,2022,2027,2032,2036,2041,2046,2051,2055,2060,2064,2069,2074,2079,2084,2088,2093,2097,2101,2106,2110,2115,2120,2126,2132,2138,2147,2156,2165,2178,2191,2204,2219,2234,2249,2265,2280,2295,2311,2327
394312,"Albuquerque, NM",59,951,952,953,954,956,957,958,959,960,962,964,965,967,969,971,973,975,977,979,981,984,986,988,990,992,994,997,999,1001,1003,1005,1007,1009,1011,1013,1015,1017,1019,1020,1022,1024,1026,1028,1030,1032,1035,1037,1040,1042,1045,1048,1051,1054,1057,1060,1063,1066,1069,1073,1076,1080,1084,1088,1092,1096,1100,1105,1109,1113,1117,1121,1125,1128,1133,1138,1144,1151,1157,1164,1175,1185,1195,1207,1219,1231,1243,1256,1268,1280,1293
394308,"Albany, NY",60,1112,1117,1123,1128,1133,1138,1142,1147,1152,1156,1160,1163,1167,1168,1169,1171,1171,1172,1173,1174,1176,1177,1180,1182,1185,1188,1191,1195,1199,1203,1207,1211,1214,1218,1220,1223,1225,1227,1229,1230,1231,1232,1233,1235,1236,1238,1240,1243,1245,1249,1252,1255,1258,1262,1265,1267,1269,1271,1273,1275,1278,1280,1283,1286,1289,1292,1295,1299,1303,1307,1311,1314,1318,1321,1325,1328,1332,1336,1339,1343,1347,1352,1357,1363,1368,1374,1379,1385,1391,1397
394938,"Omaha, NE",61,867,871,876,880,884,888,893,897,902,906,910,914,918,922,925,928,930,933,935,937,939,941,943,945,947,950,953,956,959,962,965,968,970,973,976,979,981,984,986,989,991,993,995,997,999,1001,1003,1005,1007,1009,1012,1014,1016,1019,1021,1024,1027,1030,1033,1036,1039,1042,1045,1049,1052,1056,1059,1063,1067,1071,1075,1079,1083,1087,1091,1095,1099,1103,1108,1112,1117,1122,1127,1132,1137,1142,1147,1153,1158,1163
394908,"New Haven, CT",62,1200,1204,1209,1214,1219,1224,1228,1233,1238,1243,1246,1250,1254,1257,1259,1262,1264,1266,1268,1270,1272,1274,1277,1279,1282,1285,1287,1290,1292,1295,1297,1299,1301,1303,1305,1307,1309,1311,1314,1316,1319,1322,1325,1328,1331,1334,1337,1340,1342,1345,1348,1351,1354,1357,1360,1364,1367,1371,1374,1377,1380,1383,1385,1388,1391,1395,1398,1402,1405,1408,1412,1416,1419,1424,1429,1433,1439,1444,1450,1457,1463,1470,1478,1486,1494,1502,1510,1518,1527,1535
394357,"Bakersfield, CA",63,995,999,1003,1006,1010,1013,1016,1020,1023,1027,1030,1033,1036,1038,1039,1041,1043,1044,1046,1047,1048,1049,1050,1051,1052,1054,1057,1059,1061,1064,1067,1071,1074,1077,1080,1084,1087,1089,1092,1095,1097,1100,1102,1105,1108,1111,1115,1119,1122,1127,1131,1135,1140,1145,1150,1156,1161,1166,1172,1177,1183,1188,1194,1199,1204,1209,1215,1220,1225,1229,1235,1240,1246,1253,1261,1268,1277,1286,1294,1305,1316,1326,1338,1350,1362,1373,1385,1397,1409,1421
394753,"Knoxville, TN",64,963,966,969,971,974,977,979,982,985,988,991,994,996,998,1000,1002,1003,1004,1005,1006,1006,1007,1010,1012,1014,1018,1022,1025,1030,1034,1038,1042,1046,1050,1053,1057,1060,1063,1067,1071,1074,1078,1082,1085,1089,1092,1096,1100,1104,1108,1112,1116,1121,1126,1132,1137,1143,1149,1155,1161,1167,1172,1178,1184,1189,1195,1200,1204,1209,1213,1217,1220,1224,1229,1234,1239,1246,1254,1261,1272,1283,1294,1306,1319,1332,1345,1358,1372,1385,1398
394653,"Greenville, SC",65,951,954,956,959,962,964,967,970,973,976,979,983,986,990,994,997,1002,1006,1011,1016,1022,1027,1032,1037,1042,1046,1050,1054,1057,1060,1062,1064,1066,1067,1069,1071,1073,1075,1078,1080,1083,1086,1089,1092,1095,1098,1101,1104,1107,1111,1115,1118,1122,1126,1130,1134,1137,1141,1144,1148,1152,1155,1158,1162,1165,1169,1172,1175,1178,1181,1183,1185,1187,1189,1191,1192,1195,1198,1200,1206,1211,1217,1224,1231,1238,1246,1253,1261,1269,1277
394952,"Ventura, CA",66,1961,1970,1978,1987,1996,2005,2014,2023,2032,2041,2051,2061,2071,2081,2090,2100,2108,2116,2124,2131,2138,2146,2153,2161,2168,2177,2185,2194,2203,2213,2223,2233,2243,2254,2263,2271,2280,2288,2296,2303,2311,2319,2326,2334,2342,2349,2358,2366,2375,2385,2395,2405,2415,2425,2435,2443,2452,2460,2467,2475,2482,2488,2493,2499,2505,2511,2517,2522,2527,2532,2536,2540,2544,2549,2554,2559,2568,2576,2585,2601,2618,2635,2655,2676,2696,2718,2740,2761,2784,2806
394318,"Allentown, PA",67,1182,1184,1186,1188,1190,1192,1194,1196,1198,1200,1202,1204,1206,1208,1210,1212,1214,1217,1219,1222,1225,1228,1230,1233,1236,1239,1242,1245,1248,1250,1253,1256,1259,1261,1264,1267,1271,1274,1277,1281,1284,1287,1290,1293,1296,1299,1302,1305,1309,1312,1315,1319,1322,1326,1330,1334,1339,1343,1347,1351,1356,1360,1364,1369,1373,1377,1381,1384,1387,1391,1393,1396,1399,1404,1409,1414,1423,1431,1440,1453,1466,1479,1494,1509,1524,1540,1555,1571,1587,1602
394561,"El Paso, TX",68,995,996,996,997,997,997,998,998,999,999,1000,1000,1000,1001,1001,1001,1001,1001,1002,1002,1002,1002,1003,1003,1003,1004,1004,1004,1005,1006,1007,1007,1008,1008,1009,1009,1010,1010,1010,1011,1011,1011,1011,1011,1011,1011,1012,1013,1014,1016,1017,1018,1020,1021,1023,1024,1026,1027,1029,1031,1032,1035,1037,1040,1043,1046,1049,1052,1056,1059,1063,1067,1071,1075,1080,1085,1090,1096,1101,1108,1115,1122,1129,1135,1142,1149,1156,1163,1170,1177
394367,"Baton Rouge, LA",69,1112,1113,1114,1116,1117,1118,1120,1121,1123,1124,1127,1129,1132,1134,1136,1138,1140,1142,1144,1146,1148,1149,1151,1153,1155,1159,1162,1166,1171,1176,1180,1184,1188,1192,1195,1197,1199,1199,1200,1200,1199,1199,1198,1196,1195,1194,1194,1194,1194,1195,1196,1196,1197,1197,1198,1198,1198,1198,1198,1198,1199,1199,1199,1199,1199,1199,1199,1198,1198,1198,1198,1198,1198,1199,1200,1201,1204,1207,1210,1215,1219,1223,1228,1232,1237,1241,1246,1250,1255,1260
394521,"Dayton, OH",70,806,808,810,812,813,815,817,818,820,822,824,826,827,829,831,833,835,837,839,842,845,848,851,853,856,859,861,864,866,868,871,872,874,876,878,880,882,885,887,890,893,896,899,902,904,907,910,913,916,919,922,924,927,929,932,935,937,940,943,946,949,953,956,960,964,968,972,976,979,983,987,990,993,997,1001,1004,1009,1013,1017,1023,1029,1035,1042,1048,1054,1061,1067,1074,1081,1087
394648,"Greensboro, NC",73,957,958,959,960,961,962,963,964,965,966,968,970,972,974,976,978,979,981,982,983,984,986,987,987,988,990,992,994,997,1001,1004,1008,1012,1015,1019,1022,1026,1029,1032,1035,1038,1040,1043,1045,1047,1050,1052,1054,1057,1060,1063,1066,1069,1073,1076,1080,1084,1088,1093,1097,1102,1107,1111,1116,1121,1125,1130,1134,1138,1143,1147,1151,1155,1160,1164,1169,1176,1182,1189,1198,1207,1217,1227,1237,1248,1258,1269,1280,1290,1301
394304,"Akron, OH",74,783,786,789,793,796,800,803,806,810,813,817,820,824,827,829,832,834,837,839,841,842,844,845,846,848,849,851,852,853,855,856,858,859,860,862,864,865,867,868,869,871,872,873,874,876,877,879,880,882,883,885,886,888,890,892,894,896,898,900,902,904,906,908,911,914,917,920,922,925,928,932,935,938,941,944,948,951,955,958,964,970,976,983,990,997,1004,1012,1019,1026,1034
753906,"North Port-Sarasota-Bradenton, FL",75,1276,1285,1295,1304,1313,1323,1332,1341,1350,1360,1368,1376,1385,1393,1401,1410,1417,1424,1432,1439,1445,1452,1458,1463,1468,1472,1476,1480,1484,1488,1492,1495,1499,1503,1507,1511,1515,1519,1523,1527,1531,1535,1539,1542,1546,1550,1554,1558,1563,1568,1573,1578,1583,1589,1594,1599,1603,1608,1613,1618,1623,1628,1633,1639,1644,1650,1656,1660,1664,1669,1672,1676,1679,1684,1689,1693,1701,1708,1715,1729,1742,1756,1774,1792,1809,1828,1846,1865,1884,1903
394798,"Little Rock, AR",76,813,814,815,816,817,818,819,820,821,822,823,824,825,826,827,828,828,829,830,831,832,833,833,833,834,834,835,835,836,837,838,839,840,841,842,843,844,845,846,847,848,849,850,851,851,852,853,853,854,854,855,856,857,858,859,861,862,864,866,868,870,872,873,875,877,878,880,882,883,885,887,889,890,893,896,898,902,906,909,915,920,925,932,938,944,950,956,962,968,975
395134,"Stockton, CA",77,1326,1332,1338,1344,1351,1357,1363,1370,1376,1382,1390,1397,1405,1414,1423,1431,1440,1449,1458,1468,1478,1489,1499,1509,1519,1529,1539,1549,1559,1570,1580,1591,1602,1613,1625,1637,1648,1660,1672,1685,1696,1707,1718,1727,1737,1746,1755,1764,1773,1781,1790,1799,1808,1816,1825,1833,1842,1850,1858,1867,1875,1883,1891,1899,1908,1917,1926,1935,1945,1954,1963,1972,1980,1990,2000,2011,2024,2038,2051,2072,2093,2114,2138,2163,2187,2213,2238,2264,2290,2317
394457,"Charleston, SC",78,1159,1165,1170,1176,1181,1187,1192,1198,1204,1209,1214,1220,1225,1230,1235,1240,1243,1247,1251,1255,1259,1263,1268,1272,1277,1282,1288,1293,1299,1305,1310,1315,1320,1325,1329,1334,1338,1343,1348,1352,1357,1362,1366,1370,1375,1379,1383,1386,1390,1394,1398,1402,1406,1410,1414,1418,1422,1426,1430,1434,1438,1441,1445,1449,1453,1457,1461,1465,1468,1472,1475,1477,1479,1481,1483,1486,1488,1491,1494,1500,1506,1512,1521,1529,1538,1547,1555,1564,1574,1583
394484,"Colorado Springs, CO",80,1059,1063,1068,1073,1077,1081,1086,1090,1095,1099,1104,1108,1113,1117,1122,1127,1132,1137,1142,1148,1153,1159,1165,1172,1178,1185,1192,1199,1206,1213,1220,1227,1234,1241,1247,1254,1260,1267,1273,1279,1285,1292,1298,1305,1312,1319,1325,1332,1338,1344,1350,1355,1361,1366,1371,1377,1382,1388,1394,1400,1406,1412,1418,1425,1432,1439,1445,1452,1458,1464,1469,1475,1480,1486,1493,1499,1506,1514,1521,1532,1543,1554,1568,1581,1594,1607,1621,1634,1648,1662
395235,"Winston-Salem, NC",81,1076,1076,1075,1074,1074,1074,1073,1073,1073,1073,1075,1076,1078,1081,1083,1086,1089,1092,1095,1098,1101,1104,1106,1109,1112,1114,1116,1119,1121,1123,1126,1128,1131,1133,1136,1139,1142,1146,1149,1152,1156,1160,1164,1168,1171,1175,1179,1183,1187,1191,1195,1198,1203,1207,1212,1217,1221,1226,1232,1237,1242,1247,1253,1258,1263,1268,1273,1278,1282,1287,1291,1295,1299,1305,1310,1316,1323,1330,1337,1347,1357,1368,1380,1392,1405,1417,1430,1442,1455,1468
395224,"Wichita, KS",82,,722,726,730,734,738,742,746,749,752,756,757,759,760,760,760,759,759,759,759,760,761,762,763,764,765,766,767,767,768,768,768,768,768,768,769,769,769,770,771,771,772,773,774,775,775,776,777,778,779,780,781,782,783,784,785,786,787,788,789,790,791,793,794,796,798,799,801,803,805,807,809,811,813,815,818,820,823,825,828,832,836,840,844,848,852,856,861,865,869
395115,"Springfield, MA",83,,1223,1227,1232,1237,1241,1245,1250,1254,1258,1263,1266,1269,1273,1275,1278,1280,1283,1286,1289,1293,1297,1301,1305,1309,1314,1317,1321,1325,1328,1330,1333,1335,1337,1339,1341,1343,1345,1347,1350,1353,1357,1360,1364,1368,1372,1376,1380,1384,1388,1393,1398,1403,1407,1412,1416,1420,1424,1428,1431,1435,1438,1441,1443,1446,1450,1454,1457,1461,1465,1469,1472,1475,1479,1482,1485,1488,1493,1498,1502,1510,1517,1525,1532,1540,1547,1556,1564,1572,1580
394440,"Fort Myers, FL",84,1115,1124,1134,1144,1154,1164,1174,1184,1194,1204,1215,1227,1239,1251,1264,1276,1288,1300,1313,1324,1335,1346,1355,1365,1374,1381,1388,1395,1401,1407,1413,1419,1424,1430,1434,1439,1443,1447,1451,1455,1459,1464,1468,1473,1477,1482,1486,1491,1496,1501,1506,1511,1516,1521,1526,1531,1535,1539,1544,1549,1554,1558,1562,1567,1571,1576,1580,1584,1589,1593,1597,1601,1605,1611,1616,1621,1628,1634,1641,1651,1662,1672,1686,1699,1713,1727,1741,1755,1770,1784
394399,"Boise City, ID",85,923,927,931,934,938,942,945,949,953,956,960,964,968,972,976,981,985,990,995,1001,1006,1011,1017,1023,1028,1034,1040,1046,1051,1057,1062,1068,1074,1079,1085,1091,1097,1103,1110,1116,1123,1130,1137,1143,1150,1156,1163,1170,1176,1184,1192,1199,1207,1215,1223,1232,1240,1249,1257,1266,1274,1282,1289,1296,1303,1310,1316,1322,1328,1334,1339,1344,1349,1356,1363,1369,1380,1391,1402,1421,1440,1459,1482,1504,1526,1550,1573,1596,1620,1644
395160,"Toledo, OH",86,849,849,850,851,852,854,855,856,858,859,861,863,865,867,869,870,872,874,875,876,877,878,879,880,881,884,887,890,892,895,897,899,900,902,903,904,906,907,908,909,911,913,915,918,920,923,925,927,930,931,932,934,934,935,936,937,938,939,940,941,942,944,946,948,949,950,951,952,953,954,956,958,960,963,965,968,973,977,982,989,996,1003,1011,1019,1027,1035,1043,1052,1060,1068
394816,"Madison, WI",87,1108,1110,1112,1114,1116,1118,1119,1122,1124,1126,1129,1132,1136,1139,1143,1147,1151,1154,1158,1162,1166,1170,1174,1177,1181,1184,1186,1189,1192,1194,1196,1198,1201,1203,1205,1206,1208,1210,1212,1214,1216,1218,1220,1222,1224,1226,1228,1230,1232,1235,1237,1240,1243,1246,1248,1252,1255,1258,1261,1264,1268,1270,1273,1275,1278,1281,1284,1287,1290,1293,1295,1298,1301,1304,1306,1309,1313,1316,1319,1323,1327,1331,1335,1339,1343,1348,1352,1357,1361,1366
394766,"Lakeland, FL",88,1038,1041,1044,1047,1050,1053,1056,1059,1062,1065,1069,1073,1076,1080,1084,1087,1091,1095,1099,1103,1107,1111,1115,1120,1124,1130,1135,1140,1146,1151,1156,1161,1166,1172,1176,1181,1185,1190,1194,1199,1204,1208,1213,1219,1224,1230,1236,1243,1250,1257,1265,1272,1280,1287,1295,1302,1310,1317,1323,1329,1335,1341,1346,1352,1357,1363,1368,1373,1378,1383,1388,1393,1398,1404,1410,1416,1423,1431,1438,1448,1459,1469,1481,1494,1506,1519,1531,1544,1557,1570
394931,"Ogden, UT",89,941,944,947,950,953,956,959,962,965,968,971,974,977,981,985,988,992,996,1000,1004,1007,1011,1014,1018,1022,1026,1031,1035,1041,1046,1051,1057,1063,1069,1075,1081,1087,1092,1097,1102,1106,1111,1115,1120,1126,1131,1137,1142,1148,1154,1161,1167,1173,1180,1186,1193,1200,1206,1212,1218,1224,1230,1236,1241,1247,1252,1258,1263,1268,1273,1278,1282,1287,1291,1296,1300,1306,1312,1318,1329,1340,1350,1363,1376,1388,1402,1415,1428,1442,1456
394528,"Daytona Beach, FL",90,965,970,975,980,985,990,996,1001,1006,1011,1017,1022,1028,1034,1041,1047,1052,1058,1064,1069,1074,1079,1085,1091,1097,1103,1110,1116,1122,1128,1135,1140,1145,1151,1156,1161,1166,1170,1175,1180,1185,1190,1195,1201,1208,1214,1220,1227,1234,1240,1246,1253,1259,1265,1272,1278,1284,1290,1296,1301,1306,1311,1316,1321,1326,1332,1337,1341,1346,1350,1354,1358,1362,1367,1372,1377,1383,1390,1397,1407,1417,1427,1439,1451,1463,1476,1488,1501,1514,1526
394531,"Des Moines, IA",91,969,973,977,982,986,990,994,998,1002,1007,1009,1012,1015,1016,1017,1017,1016,1015,1013,1012,1010,1009,1009,1009,1009,1010,1011,1013,1015,1017,1019,1022,1024,1027,1029,1031,1033,1035,1036,1037,1038,1039,1039,1040,1040,1040,1041,1042,1043,1044,1046,1047,1049,1050,1052,1054,1055,1056,1058,1059,1060,1061,1063,1065,1067,1069,1071,1073,1075,1077,1079,1080,1082,1083,1085,1086,1088,1090,1092,1095,1098,1101,1105,1108,1112,1115,1119,1122,1126,1129
394711,"Jackson, MS",92,1088,1090,1092,1094,1095,1097,1098,1100,1102,1103,1105,1106,1107,1108,1109,1110,1112,1114,1116,1119,1123,1126,1129,1132,1135,1137,1139,1141,1142,1143,1145,1145,1145,1145,1146,1146,1147,1148,1149,1150,1151,1152,1153,1154,1155,1156,1156,1157,1158,1158,1159,1160,1161,1163,1164,1165,1166,1167,1169,1170,1172,1173,1174,1175,1177,1178,1180,1182,1184,1186,1189,1191,1193,1197,1200,1203,1206,1210,1213,1217,1222,1226,1232,1238,1243,1249,1255,1261,1267,1273
395245,"Youngstown, OH",93,595,596,597,597,598,599,600,601,602,603,604,604,605,605,605,606,606,607,608,608,608,609,610,611,612,614,616,617,619,620,621,623,624,626,628,630,632,633,635,636,637,638,639,640,642,643,644,645,647,649,651,653,655,658,661,663,665,667,668,670,671,672,672,673,674,675,676,678,680,682,684,687,689,693,696,699,702,706,709,714,719,724,729,735,740,746,752,758,764,770
394352,"Augusta, GA",94,914,914,913,912,911,910,910,909,908,908,909,909,910,912,914,916,918,919,921,923,925,927,928,930,931,933,935,936,938,939,941,942,944,945,947,948,950,952,954,955,958,960,963,966,968,971,974,976,979,981,983,985,988,990,992,995,998,1001,1004,1008,1011,1015,1019,1023,1027,1030,1034,1037,1040,1044,1047,1051,1054,1059,1064,1069,1076,1082,1089,1097,1105,1113,1122,1130,1139,1148,1157,1166,1175,1183
395075,"Scranton, PA",95,750,752,754,755,757,758,759,761,762,763,764,764,765,765,765,765,766,767,768,769,770,772,774,775,777,778,780,781,783,784,786,788,790,792,794,795,797,798,799,800,801,802,803,803,804,804,805,806,806,808,810,812,813,815,817,819,821,823,826,828,830,833,836,839,842,846,849,851,854,857,859,861,863,866,868,871,875,879,883,890,896,903,910,917,925,932,940,947,955,963
394666,"Harrisburg, PA",96,964,962,960,957,956,954,952,951,949,948,949,950,951,953,955,958,960,962,964,965,966,967,969,971,973,975,978,980,983,985,987,989,991,993,994,995,996,997,998,999,1000,1001,1002,1004,1005,1007,1009,1011,1012,1015,1018,1021,1025,1029,1033,1038,1043,1047,1051,1055,1059,1063,1066,1070,1072,1075,1078,1080,1082,1084,1085,1087,1089,1091,1093,1095,1099,1102,1105,1112,1118,1125,1132,1140,1148,1156,1164,1172,1181,1189
394957,"Melbourne, FL",97,978,983,988,993,998,1003,1008,1013,1018,1024,1030,1036,1041,1049,1056,1063,1070,1078,1085,1093,1100,1107,1114,1121,1128,1135,1142,1149,1156,1163,1171,1178,1185,1192,1199,1206,1213,1220,1227,1234,1241,1248,1255,1262,1269,1276,1283,1291,1299,1306,1314,1321,1328,1335,1342,1348,1354,1360,1365,1370,1375,1379,1384,1388,1393,1398,1403,1409,1414,1420,1425,1430,1435,1441,1447,1452,1459,1466,1473,1484,1494,1505,1518,1530,1543,1557,1570,1584,1598,1612
395113,"Spokane, WA",99,919,915,911,907,903,900,896,893,890,887,887,888,888,892,897,901,907,912,918,924,929,935,939,943,947,950,954,958,961,964,967,970,972,974,977,980,983,987,992,996,1000,1005,1009,1014,1019,1024,1030,1035,1040,1045,1050,1055,1060,1065,1070,1075,1081,1086,1091,1097,1103,1108,1113,1118,1123,1128,1132,1137,1143,1148,1152,1157,1161,1166,1172,1177,1186,1194,1203,1216,1229,1243,1259,1275,1291,1308,1325,1341,1359,1376
395006,"Provo, UT",100,979,983,987,992,996,1000,1004,1009,1013,1017,1021,1025,1029,1033,1037,1040,1045,1049,1053,1058,1062,1066,1071,1076,1081,1087,1092,1098,1102,1107,1111,1116,1120,1125,1129,1133,1138,1142,1146,1150,1154,1158,1162,1167,1172,1177,1182,1187,1192,1197,1202,1207,1212,1217,1222,1226,1231,1235,1239,1243,1247,1251,1255,1259,1262,1266,1269,1272,1274,1277,1279,1282,1284,1287,1290,1293,1299,1305,1312,1323,1334,1345,1357,1369,1382,1395,1407,1420,1434,1447
394549,"Durham, NC",104,1165,1169,1172,1176,1179,1183,1186,1190,1193,1197,1200,1203,1207,1210,1213,1216,1219,1222,1226,1230,1234,1238,1242,1246,1250,1255,1259,1263,1268,1273,1277,1281,1285,1288,1291,1295,1298,1301,1304,1306,1308,1310,1312,1314,1316,1318,1321,1324,1327,1330,1334,1337,1341,1345,1349,1354,1358,1363,1368,1373,1378,1383,1388,1393,1398,1402,1407,1410,1413,1416,1417,1418,1420,1421,1422,1423,1425,1428,1431,1435,1439,1443,1449,1454,1460,1466,1471,1477,1483,1489
394995,"Port St. Lucie, FL",119,1110,1119,1127,1136,1144,1152,1161,1169,1177,1185,1191,1198,1205,1211,1217,1223,1230,1237,1244,1253,1262,1270,1280,1289,1299,1307,1315,1323,1330,1337,1344,1350,1356,1363,1369,1375,1382,1389,1396,1403,1410,1417,1424,1432,1439,1447,1455,1463,1471,1479,1487,1495,1502,1510,1518,1525,1531,1538,1542,1547,1552,1557,1562,1568,1574,1581,1587,1594,1601,1608,1614,1620,1626,1634,1641,1648,1658,1668,1678,1694,1710,1726,1745,1765,1784,1804,1825,1845,1866,1886
394602,"Fort Collins, CO",159,1201,1207,1214,1220,1227,1233,1240,1246,1253,1259,1267,1275,1282,1290,1298,1305,1311,1317,1323,1327,1332,1336,1341,1345,1349,1353,1356,1360,1363,1366,1369,1372,1376,1379,1381,1383,1386,1388,1390,1392,1396,1399,1402,1404,1407,1410,1414,1418,1421,1426,1430,1434,1438,1443,1447,1452,1457,1461,1465,1469,1473,1477,1481,1484,1488,1492,1495,1499,1502,1505,1508,1511,1514,1516,1519,1521,1524,1526,1529,1534,1539,1545,1551,1558,1564,1571,1578,1585,1592,1599
394405,"Boulder, CO",162,1466,1473,1480,1487,1495,1502,1510,1517,1525,1533,1543,1553,1563,1574,1585,1595,1607,1618,1629,1639,1649,1659,1667,1675,1683,1687,1692,1697,1700,1702,1705,1707,1708,1710,1712,1715,1717,1720,1724,1727,1732,1737,1741,1746,1751,1756,1762,1767,1773,1779,1785,1791,1797,1802,1808,1814,1819,1825,1830,1836,1841,1846,1851,1856,1861,1867,1872,1876,1880,1883,1885,1887,1888,1890,1892,1894,1897,1901,1905,1913,1921,1930,1940,1950,1961,1971,1982,1993,2004,2015
394623,"Gainesville, GA",229,970,973,975,977,980,982,985,988,991,993,997,1000,1004,1010,1016,1022,1029,1035,1042,1046,1051,1056,1060,1064,1068,1073,1078,1083,1088,1094,1100,1105,1111,1117,1123,1129,1135,1140,1145,1150,1154,1159,1163,1169,1174,1179,1184,1189,1194,1198,1202,1206,1212,1217,1222,1229,1236,1242,1249,1256,1263,1270,1277,1284,1290,1296,1302,1306,1309,1313,1315,1318,1320,1324,1328,1331,1338,1345,1351,1364,1377,1390,1407,1423,1440,1457,1474,1492,,1528
